quote_date,description,p_mean,p25,p_median,p75,iqr,ratio between upper and lower quartile,indexed
2003-02-31,DRAUGHT BITTER (PER PINT),1.951373,1.8,1.98,2.15,0.35,1.194444444,100
31/03/2003,DRAUGHT BITTER (PER PINT),1.967465,1.8,2,2.15,0.35,1.194444444,100
31/05/2003,DRAUGHT BITTER (PER PINT),1.984826,1.81,2,2.19,0.38,1.209944751,101.2977001
31/07/2003,DRAUGHT BITTER (PER PINT),1.982743,1.8,2,2.2,0.4,1.222222222,102.3255814
31/08/2003,DRAUGHT BITTER (PER PINT),1.987276,1.8,2,2.2,0.4,1.222222222,102.3255814
31/10/2003,DRAUGHT BITTER (PER PINT),1.992524,1.81,2,2.2,0.39,1.215469613,101.7602467
31/12/2003,DRAUGHT BITTER (PER PINT),1.999924,1.82,2,2.2,0.38,1.208791209,101.2011245
31/01/2004,DRAUGHT BITTER (PER PINT),2.002602,1.82,2,2.2,0.38,1.208791209,101.2011245
31/03/2004,DRAUGHT BITTER (PER PINT),2.029489,1.86,2.05,2.2,0.34,1.182795699,99.02475619
31/05/2004,DRAUGHT BITTER (PER PINT),2.047821,1.86,2.05,2.25,0.39,1.209677419,101.2753188
31/07/2004,DRAUGHT BITTER (PER PINT),2.051169,1.88,2.05,2.25,0.37,1.196808511,100.1979218
31/08/2004,DRAUGHT BITTER (PER PINT),2.053052,1.88,2.05,2.25,0.37,1.196808511,100.1979218
31/10/2004,DRAUGHT BITTER (PER PINT),2.054781,1.88,2.06,2.25,0.37,1.196808511,100.1979218
31/12/2004,DRAUGHT BITTER (PER PINT),2.057233,1.86,2.065,2.3,0.44,1.23655914,103.5258815
31/01/2005,DRAUGHT BITTER (PER PINT),2.06179,1.88,2.1,2.3,0.42,1.223404255,102.4245423
31/03/2005,DRAUGHT BITTER (PER PINT),2.08685,1.9,2.1,2.3,0.4,1.210526316,101.3463892
31/05/2005,DRAUGHT BITTER (PER PINT),2.081354,1.9,2.1,2.3,0.4,1.210526316,101.3463892
31/07/2005,DRAUGHT BITTER (PER PINT),2.127752,1.95,2.15,2.3,0.35,1.179487179,98.74776386
31/08/2005,DRAUGHT BITTER (PER PINT),2.127356,1.92,2.135,2.3,0.38,1.197916667,100.2906977
31/10/2005,DRAUGHT BITTER (PER PINT),2.134198,1.95,2.15,2.35,0.4,1.205128205,100.8944544
31/12/2005,DRAUGHT BITTER (PER PINT),2.138472,1.95,2.15,2.35,0.4,1.205128205,100.8944544
31/01/2006,DRAUGHT BITTER (PER PINT),2.136775,1.95,2.15,2.35,0.4,1.205128205,100.8944544
31/03/2006,DRAUGHT BITTER (PER PINT),2.171824,1.995,2.2,2.4,0.41,1.203007519,100.7169086
31/05/2006,DRAUGHT BITTER (PER PINT),2.204342,2,2.2,2.4,0.4,1.2,100.4651163
31/07/2006,DRAUGHT BITTER (PER PINT),2.214971,2,2.2,2.45,0.45,1.225,102.5581395
31/08/2006,DRAUGHT BITTER (PER PINT),2.212031,2,2.2,2.4,0.4,1.2,100.4651163
31/10/2006,DRAUGHT BITTER (PER PINT),2.222027,2.02,2.2,2.45,0.43,1.212871287,101.5427124
31/12/2006,DRAUGHT BITTER (PER PINT),2.232395,2.03,2.25,2.45,0.42,1.206896552,101.042502
31/01/2007,DRAUGHT BITTER (PER PINT),2.221074,2.03,2.25,2.45,0.42,1.206896552,101.042502
31/03/2007,DRAUGHT BITTER (PER PINT),2.255039,2.05,2.3,2.5,0.45,1.219512195,102.0986954
31/05/2007,DRAUGHT BITTER (PER PINT),2.275781,2.095,2.3,2.5,0.41,1.193317422,99.90564467
31/07/2007,DRAUGHT BITTER (PER PINT),2.301219,2.1,2.3,2.5,0.4,1.19047619,99.66777409
31/08/2007,DRAUGHT BITTER (PER PINT),2.296692,2.1,2.3,2.5,0.4,1.19047619,99.66777409
31/10/2007,DRAUGHT BITTER (PER PINT),2.299942,2.1,2.34,2.5,0.4,1.19047619,99.66777409
31/12/2007,DRAUGHT BITTER (PER PINT),2.301612,2.1,2.35,2.55,0.45,1.214285714,101.6611296
31/01/2008,DRAUGHT BITTER (PER PINT),2.292027,2.1,2.35,2.55,0.45,1.214285714,101.6611296
31/03/2008,DRAUGHT BITTER (PER PINT),2.342196,2.15,2.4,2.6,0.45,1.209302326,101.2439156
31/05/2008,DRAUGHT BITTER (PER PINT),2.397718,2.15,2.405,2.7,0.55,1.255813953,105.1379124
31/07/2008,DRAUGHT BITTER (PER PINT),2.403126,2.15,2.45,2.7,0.55,1.255813953,105.1379124
31/08/2008,DRAUGHT BITTER (PER PINT),2.400275,2.17,2.45,2.7,0.53,1.244239631,104.1688994
31/10/2008,DRAUGHT BITTER (PER PINT),2.39666,2.15,2.43,2.7,0.55,1.255813953,105.1379124
31/12/2008,DRAUGHT BITTER (PER PINT),2.407071,2.15,2.45,2.7,0.55,1.255813953,105.1379124
31/01/2009,DRAUGHT BITTER (PER PINT),2.403895,2.15,2.45,2.7,0.55,1.255813953,105.1379124
31/03/2009,DRAUGHT BITTER (PER PINT),2.435965,2.2,2.5,2.75,0.55,1.25,104.6511628
31/05/2009,DRAUGHT BITTER (PER PINT),2.462573,2.2,2.5,2.8,0.6,1.272727273,106.5539112
31/07/2009,DRAUGHT BITTER (PER PINT),2.466313,2.2,2.5,2.8,0.6,1.272727273,106.5539112
31/08/2009,DRAUGHT BITTER (PER PINT),2.467845,2.2,2.5,2.8,0.6,1.272727273,106.5539112
31/10/2009,DRAUGHT BITTER (PER PINT),2.471495,2.2,2.5,2.8,0.6,1.272727273,106.5539112
31/12/2009,DRAUGHT BITTER (PER PINT),2.476544,2.2,2.5,2.8,0.6,1.272727273,106.5539112
31/01/2010,DRAUGHT BITTER (PER PINT),2.486563,2.2,2.5,2.8,0.6,1.272727273,106.5539112
31/03/2010,DRAUGHT BITTER (PER PINT),2.539705,2.25,2.6,2.85,0.6,1.266666667,106.0465116
31/05/2010,DRAUGHT BITTER (PER PINT),2.573471,2.3,2.6,2.9,0.6,1.260869565,105.5611729
31/07/2010,DRAUGHT BITTER (PER PINT),2.574951,2.3,2.6,2.9,0.6,1.260869565,105.5611729
31/08/2010,DRAUGHT BITTER (PER PINT),2.575667,2.3,2.615,2.9,0.6,1.260869565,105.5611729
31/10/2010,DRAUGHT BITTER (PER PINT),2.567688,2.3,2.6,2.9,0.6,1.260869565,105.5611729
31/12/2010,DRAUGHT BITTER (PER PINT),2.594218,2.3,2.64,2.95,0.65,1.282608696,107.3811931
31/01/2011,DRAUGHT BITTER (PER PINT),2.637214,2.3,2.65,2.95,0.65,1.282608696,107.3811931
31/03/2011,DRAUGHT BITTER (PER PINT),2.654442,2.3,2.67,3,0.7,1.304347826,109.2012133
31/05/2011,DRAUGHT BITTER (PER PINT),2.709093,2.4,2.74,3.05,0.65,1.270833333,106.3953488
31/07/2011,DRAUGHT BITTER (PER PINT),2.715912,2.4,2.75,3.05,0.65,1.270833333,106.3953488
31/08/2011,DRAUGHT BITTER (PER PINT),2.721996,2.4,2.75,3.1,0.7,1.291666667,108.1395349
31/10/2011,DRAUGHT BITTER (PER PINT),2.729127,2.45,2.75,3.1,0.65,1.265306122,105.9326056
31/12/2011,DRAUGHT BITTER (PER PINT),2.740426,2.45,2.75,3.1,0.65,1.265306122,105.9326056
31/01/2012,DRAUGHT BITTER (PER PINT),2.74058,2.45,2.75,3.1,0.65,1.265306122,105.9326056
31/03/2012,DRAUGHT BITTER (PER PINT),2.773926,2.45,2.8,3.1,0.65,1.265306122,105.9326056
31/05/2012,DRAUGHT BITTER (PER PINT),2.810157,2.5,2.9,3.15,0.65,1.26,105.4883721
31/07/2012,DRAUGHT BITTER (PER PINT),2.814961,2.5,2.9,3.15,0.65,1.26,105.4883721
31/08/2012,DRAUGHT BITTER (PER PINT),2.81844,2.5,2.9,3.15,0.65,1.26,105.4883721
31/10/2012,DRAUGHT BITTER (PER PINT),2.820842,2.5,2.9,3.2,0.7,1.28,107.1627907
31/12/2012,DRAUGHT BITTER (PER PINT),2.844385,2.5,2.9,3.2,0.7,1.28,107.1627907
31/01/2013,DRAUGHT BITTER (PER PINT),2.84256,2.5,2.9,3.2,0.7,1.28,107.1627907
31/03/2013,DRAUGHT BITTER (PER PINT),2.865149,2.55,2.9,3.2,0.65,1.254901961,105.0615595
31/05/2013,DRAUGHT BITTER (PER PINT),2.88493,2.55,2.9,3.2,0.65,1.254901961,105.0615595
31/07/2013,DRAUGHT BITTER (PER PINT),2.89721,2.54,2.95,3.24,0.7,1.275590551,106.7936275
31/08/2013,DRAUGHT BITTER (PER PINT),2.88963,2.5,2.945,3.24,0.74,1.296,108.5023256
31/10/2013,DRAUGHT BITTER (PER PINT),2.889272,2.5,2.94,3.25,0.75,1.3,108.8372093
31/12/2013,DRAUGHT BITTER (PER PINT),2.897465,2.55,2.95,3.25,0.7,1.274509804,106.7031464
31/01/2014,DRAUGHT BITTER (PER PINT),2.899818,2.55,2.95,3.25,0.7,1.274509804,106.7031464
31/03/2014,DRAUGHT BITTER (PER PINT),2.89686,2.5,2.95,3.29,0.79,1.316,110.1767442
31/05/2014,DRAUGHT BITTER (PER PINT),2.904595,2.49,2.95,3.3,0.81,1.325301205,110.9554497
31/07/2014,DRAUGHT BITTER (PER PINT),2.918542,2.5,2.99,3.35,0.85,1.34,112.1860465
31/08/2014,DRAUGHT BITTER (PER PINT),2.926117,2.54,2.99,3.35,0.81,1.318897638,110.4193371
31/10/2014,DRAUGHT BITTER (PER PINT),2.943537,2.55,3,3.35,0.8,1.31372549,109.9863201
31/12/2014,DRAUGHT BITTER (PER PINT),2.942506,2.55,3,3.4,0.85,1.333333333,111.627907
31/01/2015,DRAUGHT BITTER (PER PINT),2.935153,2.55,3,3.4,0.85,1.333333333,111.627907
31/03/2015,DRAUGHT BITTER (PER PINT),2.957804,2.5,3,3.4,0.9,1.36,113.8604651
31/05/2015,DRAUGHT BITTER (PER PINT),2.955781,2.5,3.02,3.42,0.92,1.368,114.5302326
31/07/2015,DRAUGHT BITTER (PER PINT),2.970285,2.5,3,3.45,0.95,1.38,115.5348837
31/08/2015,DRAUGHT BITTER (PER PINT),2.964416,2.5,3,3.45,0.95,1.38,115.5348837
31/10/2015,DRAUGHT BITTER (PER PINT),2.970026,2.5,3,3.5,1,1.4,117.2093023
31/12/2015,DRAUGHT BITTER (PER PINT),2.984631,2.5,3,3.5,1,1.4,117.2093023
31/01/2016,DRAUGHT BITTER (PER PINT),2.986897,2.49,3.05,3.5,1.01,1.40562249,117.6800224
31/03/2016,DRAUGHT BITTER (PER PINT),3.015356,2.5,3.05,3.5,1,1.4,117.2093023
31/05/2016,DRAUGHT BITTER (PER PINT),3.025365,2.5,3.1,3.5,1,1.4,117.2093023
31/07/2016,DRAUGHT BITTER (PER PINT),3.045155,2.55,3.1,3.55,1,1.392156863,116.5526676
31/08/2016,DRAUGHT BITTER (PER PINT),3.03839,2.55,3.1,3.55,1,1.392156863,116.5526676
31/10/2016,DRAUGHT BITTER (PER PINT),3.053102,2.55,3.1,3.55,1,1.392156863,116.5526676
31/12/2016,DRAUGHT BITTER (PER PINT),3.044419,2.55,3.1,3.5,0.95,1.37254902,114.9110807
31/01/2017,DRAUGHT BITTER (PER PINT),3.050753,2.55,3.1,3.5,0.95,1.37254902,114.9110807
31/03/2017,DRAUGHT BITTER (PER PINT),3.077699,2.5,3.1,3.6,1.1,1.44,120.5581395
31/05/2017,DRAUGHT BITTER (PER PINT),3.111518,2.5,3.2,3.6,1.1,1.44,120.5581395
31/07/2017,DRAUGHT BITTER (PER PINT),3.115695,2.5,3.15,3.6,1.1,1.44,120.5581395
31/08/2017,DRAUGHT BITTER (PER PINT),3.122947,2.55,3.15,3.6,1.05,1.411764706,118.1942544
31/10/2017,DRAUGHT BITTER (PER PINT),3.111005,2.5,3.105,3.6,1.1,1.44,120.5581395
31/12/2017,DRAUGHT BITTER (PER PINT),3.118586,2.49,3.13,3.6,1.11,1.445783133,121.0423088
31/01/2018,DRAUGHT BITTER (PER PINT),3.119599,2.49,3.105,3.6,1.11,1.445783133,121.0423088
31/03/2018,DRAUGHT BITTER (PER PINT),3.114,2.49,3.105,3.65,1.16,1.465863454,122.7234519
31/05/2018,DRAUGHT BITTER (PER PINT),3.150432,2.49,3.2,3.7,1.21,1.485943775,124.4045951
31/07/2018,DRAUGHT BITTER (PER PINT),3.161957,2.49,3.2,3.7,1.21,1.485943775,124.4045951
31/08/2018,DRAUGHT BITTER (PER PINT),3.148793,2.49,3.2,3.7,1.21,1.485943775,124.4045951
31/10/2018,DRAUGHT BITTER (PER PINT),3.139326,2.35,3.2,3.7,1.35,1.574468085,131.8159327
31/12/2018,DRAUGHT BITTER (PER PINT),3.134718,2.35,3.2,3.7,1.35,1.574468085,131.8159327
31/01/2019,DRAUGHT BITTER (PER PINT),3.131925,2.29,3.2,3.7,1.41,1.615720524,135.2696253
31/03/2019,DRAUGHT BITTER (PER PINT),3.171989,2.4,3.24,3.8,1.4,1.583333333,132.5581395
31/05/2019,DRAUGHT BITTER (PER PINT),3.187912,2.395,3.27,3.8,1.41,1.586638831,132.8348789
31/07/2019,DRAUGHT BITTER (PER PINT),3.195349,2.395,3.295,3.8,1.41,1.586638831,132.8348789
31/08/2019,DRAUGHT BITTER (PER PINT),3.203607,2.45,3.3,3.8,1.35,1.551020408,129.8528714
31/10/2019,DRAUGHT BITTER (PER PINT),3.203436,2.39,3.27,3.8,1.41,1.589958159,133.1127761
31/12/2019,DRAUGHT BITTER (PER PINT),3.214492,2.4,3.3,3.8,1.4,1.583333333,132.5581395
31/01/2020,DRAUGHT BITTER (PER PINT),3.23953,2.4,3.3,3.85,1.45,1.604166667,134.3023256
31/03/2020,DRAUGHT BITTER (PER PINT),3.2203,2.39,3.25,3.85,1.46,1.610878661,134.86426
31/07/2020,DRAUGHT BITTER (PER PINT),2.944364,2.1,2.8,3.7,1.6,1.761904762,147.5083056
31/08/2020,DRAUGHT BITTER (PER PINT),3.133382,2.1,3.15,3.83,1.73,1.823809524,152.6910299
31/10/2020,DRAUGHT BITTER (PER PINT),3.184112,2.2,3.25,3.9,1.7,1.772727273,148.4143763
31/12/2020,DRAUGHT BITTER (PER PINT),3.236442,2.045,3.425,4.1,2.06,2.004889976,167.8512538
31/05/2021,DRAUGHT BITTER (PER PINT),3.050536,1.99,2.97,3.825,1.84,1.922110553,160.9208835
31/07/2021,DRAUGHT BITTER (PER PINT),3.232083,2.125,3.25,3.975,1.85,1.870588235,156.6073871
31/08/2021,DRAUGHT BITTER (PER PINT),3.261082,2.25,3.25,3.9,1.65,1.733333333,145.1162791
31/10/2021,DRAUGHT BITTER (PER PINT),3.323901,2.39,3.3,4,1.61,1.673640167,140.1187117
31/12/2021,DRAUGHT BITTER (PER PINT),3.323407,2.39,3.39,4,1.61,1.673640167,140.1187117
31/01/2022,DRAUGHT BITTER (PER PINT),3.420034,2.65,3.5,4.2,1.55,1.58490566,132.6897762
31/03/2022,DRAUGHT BITTER (PER PINT),3.443987,2.595,3.5,4.15,1.56,1.599229287,133.8889636
31/05/2022,DRAUGHT BITTER (PER PINT),3.495,2.545,3.55,4.2,1.66,1.650294695,138.1642071
31/07/2022,DRAUGHT BITTER (PER PINT),3.518951,2.67,3.55,4.25,1.58,1.5917603,133.263653
31/08/2022,DRAUGHT BITTER (PER PINT),3.557024,2.69,3.625,4.25,1.56,1.579925651,132.2728452
31/10/2022,DRAUGHT BITTER (PER PINT),3.556288,2.49,3.625,4.3,1.81,1.726907631,144.5783133
2003-04-31,DRAUGHT BITTER (PER PINT),1.978809,1.8,2,2.15,0.35,1.194444444,100
2003-06-31,DRAUGHT BITTER (PER PINT),1.991161,1.81,2,2.2,0.39,1.215469613,101.7602467
2003-09-31,DRAUGHT BITTER (PER PINT),1.988501,1.8,2,2.2,0.4,1.222222222,102.3255814
2003-11-31,DRAUGHT BITTER (PER PINT),1.996479,1.82,2,2.2,0.38,1.208791209,101.2011245
2004-02-31,DRAUGHT BITTER (PER PINT),2.008509,1.8,2,2.2,0.4,1.222222222,102.3255814
2004-04-31,DRAUGHT BITTER (PER PINT),2.044202,1.88,2.05,2.25,0.37,1.196808511,100.1979218
2004-06-31,DRAUGHT BITTER (PER PINT),2.052868,1.88,2.05,2.25,0.37,1.196808511,100.1979218
2004-09-31,DRAUGHT BITTER (PER PINT),2.052994,1.86,2.05,2.25,0.39,1.209677419,101.2753188
2004-11-31,DRAUGHT BITTER (PER PINT),2.05904,1.88,2.06,2.3,0.42,1.223404255,102.4245423
2005-02-31,DRAUGHT BITTER (PER PINT),2.072824,1.9,2.1,2.3,0.4,1.210526316,101.3463892
2005-04-31,DRAUGHT BITTER (PER PINT),2.112226,1.95,2.1,2.3,0.35,1.179487179,98.74776386
2005-06-31,DRAUGHT BITTER (PER PINT),2.126597,1.93,2.15,2.3,0.37,1.191709845,99.77105675
2005-09-31,DRAUGHT BITTER (PER PINT),2.130304,1.95,2.15,2.32,0.37,1.18974359,99.60644007
2005-11-31,DRAUGHT BITTER (PER PINT),2.134223,1.95,2.15,2.35,0.4,1.205128205,100.8944544
2006-02-31,DRAUGHT BITTER (PER PINT),2.160499,1.95,2.2,2.4,0.45,1.230769231,103.0411449
2006-04-31,DRAUGHT BITTER (PER PINT),2.184056,1.99,2.2,2.4,0.41,1.206030151,100.9699661
2006-06-31,DRAUGHT BITTER (PER PINT),2.211024,2,2.2,2.4,0.4,1.2,100.4651163
2006-09-31,DRAUGHT BITTER (PER PINT),2.212683,2,2.2,2.45,0.45,1.225,102.5581395
2006-11-31,DRAUGHT BITTER (PER PINT),2.226673,2.02,2.25,2.45,0.43,1.212871287,101.5427124
2007-02-31,DRAUGHT BITTER (PER PINT),2.229708,2.03,2.25,2.45,0.42,1.206896552,101.042502
2007-04-31,DRAUGHT BITTER (PER PINT),2.273757,2.1,2.3,2.5,0.4,1.19047619,99.66777409
2007-06-31,DRAUGHT BITTER (PER PINT),2.284187,2.1,2.3,2.5,0.4,1.19047619,99.66777409
2007-09-31,DRAUGHT BITTER (PER PINT),2.302151,2.1,2.315,2.5,0.4,1.19047619,99.66777409
2007-11-31,DRAUGHT BITTER (PER PINT),2.299534,2.1,2.35,2.55,0.45,1.214285714,101.6611296
2008-02-31,DRAUGHT BITTER (PER PINT),2.317214,2.1,2.35,2.55,0.45,1.214285714,101.6611296
2008-04-31,DRAUGHT BITTER (PER PINT),2.395666,2.17,2.4,2.65,0.48,1.221198157,102.2398457
2008-06-31,DRAUGHT BITTER (PER PINT),2.402738,2.15,2.45,2.7,0.55,1.255813953,105.1379124
2008-09-31,DRAUGHT BITTER (PER PINT),2.395953,2.15,2.45,2.7,0.55,1.255813953,105.1379124
2008-11-31,DRAUGHT BITTER (PER PINT),2.406027,2.15,2.45,2.7,0.55,1.255813953,105.1379124
2009-02-31,DRAUGHT BITTER (PER PINT),2.42598,2.2,2.48,2.745,0.55,1.247727273,104.4608879
2009-04-31,DRAUGHT BITTER (PER PINT),2.446724,2.2,2.5,2.75,0.55,1.25,104.6511628
2009-06-31,DRAUGHT BITTER (PER PINT),2.462615,2.2,2.5,2.8,0.6,1.272727273,106.5539112
2009-09-31,DRAUGHT BITTER (PER PINT),2.465605,2.2,2.5,2.8,0.6,1.272727273,106.5539112
2009-11-31,DRAUGHT BITTER (PER PINT),2.47666,2.2,2.5,2.8,0.6,1.272727273,106.5539112
2010-02-31,DRAUGHT BITTER (PER PINT),2.522366,2.25,2.55,2.85,0.6,1.266666667,106.0465116
2010-04-31,DRAUGHT BITTER (PER PINT),2.565049,2.3,2.6,2.9,0.6,1.260869565,105.5611729
2010-06-31,DRAUGHT BITTER (PER PINT),2.575996,2.3,2.6,2.9,0.6,1.260869565,105.5611729
2010-09-31,DRAUGHT BITTER (PER PINT),2.566511,2.25,2.6,2.9,0.65,1.288888889,107.9069767
2010-11-31,DRAUGHT BITTER (PER PINT),2.581205,2.3,2.6,2.9,0.6,1.260869565,105.5611729
2011-02-31,DRAUGHT BITTER (PER PINT),2.647789,2.3,2.65,3,0.7,1.304347826,109.2012133
2011-04-31,DRAUGHT BITTER (PER PINT),2.702668,2.4,2.7,3.05,0.65,1.270833333,106.3953488
2011-06-31,DRAUGHT BITTER (PER PINT),2.712456,2.4,2.7,3.05,0.65,1.270833333,106.3953488
2011-09-31,DRAUGHT BITTER (PER PINT),2.724843,2.4,2.75,3.05,0.65,1.270833333,106.3953488
2011-11-31,DRAUGHT BITTER (PER PINT),2.734067,2.4,2.75,3.1,0.7,1.291666667,108.1395349
2012-02-31,DRAUGHT BITTER (PER PINT),2.753645,2.42,2.8,3.1,0.68,1.280991736,107.2458197
2012-04-31,DRAUGHT BITTER (PER PINT),2.798865,2.47,2.85,3.15,0.68,1.275303644,106.7696074
2012-06-31,DRAUGHT BITTER (PER PINT),2.816647,2.5,2.9,3.165,0.67,1.266,105.9906977
2012-09-31,DRAUGHT BITTER (PER PINT),2.817899,2.5,2.9,3.15,0.65,1.26,105.4883721
2012-11-31,DRAUGHT BITTER (PER PINT),2.839565,2.5,2.9,3.2,0.7,1.28,107.1627907
2013-02-31,DRAUGHT BITTER (PER PINT),2.853206,2.55,2.9,3.2,0.65,1.254901961,105.0615595
2013-04-31,DRAUGHT BITTER (PER PINT),2.890559,2.55,2.94,3.24,0.69,1.270588235,106.374829
2013-06-31,DRAUGHT BITTER (PER PINT),2.883968,2.54,2.9,3.2,0.66,1.25984252,105.4751877
2013-09-31,DRAUGHT BITTER (PER PINT),2.88888,2.5,2.94,3.25,0.75,1.3,108.8372093
2013-11-31,DRAUGHT BITTER (PER PINT),2.896287,2.55,2.95,3.25,0.7,1.274509804,106.7031464
2014-02-31,DRAUGHT BITTER (PER PINT),2.892857,2.5,2.95,3.29,0.79,1.316,110.1767442
2014-04-31,DRAUGHT BITTER (PER PINT),2.898575,2.49,2.95,3.3,0.81,1.325301205,110.9554497
2014-06-31,DRAUGHT BITTER (PER PINT),2.918282,2.5,2.99,3.35,0.85,1.34,112.1860465
2014-09-31,DRAUGHT BITTER (PER PINT),2.926345,2.49,2.995,3.35,0.86,1.345381526,112.6365929
2014-11-31,DRAUGHT BITTER (PER PINT),2.940482,2.54,3,3.39,0.85,1.334645669,111.737777
2015-02-31,DRAUGHT BITTER (PER PINT),2.961755,2.55,3,3.4,0.85,1.333333333,111.627907
2015-04-31,DRAUGHT BITTER (PER PINT),2.941026,2.5,3,3.4,0.9,1.36,113.8604651
2015-06-31,DRAUGHT BITTER (PER PINT),2.965273,2.5,3.04,3.45,0.95,1.38,115.5348837
2015-09-31,DRAUGHT BITTER (PER PINT),2.967099,2.5,3,3.45,0.95,1.38,115.5348837
2015-11-31,DRAUGHT BITTER (PER PINT),2.971381,2.5,3.05,3.5,1,1.4,117.2093023
2016-02-31,DRAUGHT BITTER (PER PINT),2.997116,2.49,3.05,3.5,1.01,1.40562249,117.6800224
2016-04-31,DRAUGHT BITTER (PER PINT),3.027323,2.55,3.05,3.5,0.95,1.37254902,114.9110807
2016-06-31,DRAUGHT BITTER (PER PINT),3.032813,2.55,3.1,3.5,0.95,1.37254902,114.9110807
2016-09-31,DRAUGHT BITTER (PER PINT),3.048513,2.55,3.1,3.55,1,1.392156863,116.5526676
2016-11-31,DRAUGHT BITTER (PER PINT),3.055895,2.55,3.1,3.55,1,1.392156863,116.5526676
2017-02-31,DRAUGHT BITTER (PER PINT),3.064362,2.5,3.1,3.55,1.05,1.42,118.8837209
2017-04-31,DRAUGHT BITTER (PER PINT),3.092486,2.5,3.15,3.6,1.1,1.44,120.5581395
2017-06-31,DRAUGHT BITTER (PER PINT),3.116361,2.5,3.15,3.6,1.1,1.44,120.5581395
2017-09-31,DRAUGHT BITTER (PER PINT),3.105452,2.5,3.15,3.6,1.1,1.44,120.5581395
2017-11-31,DRAUGHT BITTER (PER PINT),3.112381,2.49,3.13,3.6,1.11,1.445783133,121.0423088
2018-02-31,DRAUGHT BITTER (PER PINT),3.106489,2.49,3.1,3.6,1.11,1.445783133,121.0423088
2018-04-31,DRAUGHT BITTER (PER PINT),3.144247,2.49,3.2,3.7,1.21,1.485943775,124.4045951
2018-06-31,DRAUGHT BITTER (PER PINT),3.151586,2.49,3.2,3.7,1.21,1.485943775,124.4045951
2018-09-31,DRAUGHT BITTER (PER PINT),3.154251,2.49,3.2,3.7,1.21,1.485943775,124.4045951
2018-11-31,DRAUGHT BITTER (PER PINT),3.152554,2.35,3.2,3.7,1.35,1.574468085,131.8159327
2019-02-31,DRAUGHT BITTER (PER PINT),3.150634,2.4,3.2,3.7,1.3,1.541666667,129.0697674
2019-04-31,DRAUGHT BITTER (PER PINT),3.182948,2.39,3.29,3.8,1.41,1.589958159,133.1127761
2019-06-31,DRAUGHT BITTER (PER PINT),3.199272,2.4,3.3,3.8,1.4,1.583333333,132.5581395
2019-09-31,DRAUGHT BITTER (PER PINT),3.206889,2.39,3.3,3.8,1.41,1.589958159,133.1127761
2019-11-31,DRAUGHT BITTER (PER PINT),3.217296,2.39,3.3,3.8,1.41,1.589958159,133.1127761
2020-02-31,DRAUGHT BITTER (PER PINT),3.230315,2.39,3.29,3.85,1.46,1.610878661,134.86426
2020-09-31,DRAUGHT BITTER (PER PINT),3.186385,2.275,3.2,3.9,1.63,1.714285714,143.5215947
2021-06-31,DRAUGHT BITTER (PER PINT),3.095352,1.99,3.1,3.8,1.81,1.909547739,159.869113
2021-09-31,DRAUGHT BITTER (PER PINT),3.273596,2.29,3.3,3.9,1.61,1.703056769,142.5814969
2021-11-31,DRAUGHT BITTER (PER PINT),3.322677,2.39,3.39,4,1.61,1.673640167,140.1187117
2022-02-31,DRAUGHT BITTER (PER PINT),3.428801,2.67,3.5,4.2,1.53,1.573033708,131.6958453
2022-04-31,DRAUGHT BITTER (PER PINT),3.480356,2.59,3.5,4.2,1.61,1.621621622,135.7636706
2022-06-31,DRAUGHT BITTER (PER PINT),3.520561,2.69,3.6,4.25,1.56,1.579925651,132.2728452
2022-09-31,DRAUGHT BITTER (PER PINT),3.528478,2.49,3.575,4.3,1.81,1.726907631,144.5783133
2003-02-31,SPIRIT + MIXER,2.7035015,2.35,2.65,2.93,0.58,1.246808511,100
31/03/2003,SPIRIT + MIXER,2.7175376,2.4,2.65,2.98,0.58,1.241666667,99.58759954
31/05/2003,SPIRIT + MIXER,2.7349592,2.45,2.65,3,0.55,1.224489796,98.20993244
31/07/2003,SPIRIT + MIXER,2.7493195,2.43,2.71,3,0.57,1.234567901,99.01824464
31/08/2003,SPIRIT + MIXER,2.750595,2.44,2.69,3,0.56,1.229508197,98.61243216
31/10/2003,SPIRIT + MIXER,2.7572985,2.47,2.71,3,0.53,1.214574899,97.41471031
31/12/2003,SPIRIT + MIXER,2.7783985,2.5,2.75,3.08,0.58,1.232,98.81228669
31/01/2004,SPIRIT + MIXER,2.7810676,2.48,2.75,3.08,0.6,1.241935484,99.60915997
31/03/2004,SPIRIT + MIXER,2.8180649,2.5,2.8,3.1,0.6,1.24,99.45392491
31/05/2004,SPIRIT + MIXER,2.829173,2.5,2.8,3.1,0.6,1.24,99.45392491
31/07/2004,SPIRIT + MIXER,2.837551,2.5,2.8,3.15,0.65,1.26,101.0580205
31/08/2004,SPIRIT + MIXER,2.848039,2.5,2.8,3.15,0.65,1.26,101.0580205
31/10/2004,SPIRIT + MIXER,2.859059,2.5,2.8,3.15,0.65,1.26,101.0580205
31/12/2004,SPIRIT + MIXER,2.863424,2.5,2.8,3.15,0.65,1.26,101.0580205
31/01/2005,SPIRIT + MIXER,2.861297,2.5,2.8,3.15,0.65,1.26,101.0580205
31/03/2005,SPIRIT + MIXER,2.888542,2.5,2.82,3.2,0.7,1.28,102.662116
31/05/2005,SPIRIT + MIXER,2.856443,2.51,2.8,3.15,0.64,1.25498008,100.6553989
31/07/2005,SPIRIT + MIXER,2.901457,2.56,2.85,3.18,0.62,1.2421875,99.62937287
31/08/2005,SPIRIT + MIXER,2.904996,2.57,2.85,3.21,0.64,1.249027237,100.1779525
31/10/2005,SPIRIT + MIXER,2.907305,2.57,2.85,3.21,0.64,1.249027237,100.1779525
31/12/2005,SPIRIT + MIXER,2.908168,2.59,2.85,3.21,0.62,1.239382239,99.40437756
31/01/2006,SPIRIT + MIXER,2.919612,2.6,2.85,3.25,0.65,1.25,100.2559727
31/03/2006,SPIRIT + MIXER,2.944504,2.6,2.915,3.25,0.65,1.25,100.2559727
31/05/2006,SPIRIT + MIXER,2.981168,2.64,2.95,3.35,0.71,1.268939394,101.7750026
31/07/2006,SPIRIT + MIXER,2.992222,2.655,2.95,3.35,0.7,1.261770245,101.2000026
31/08/2006,SPIRIT + MIXER,2.998089,2.68,2.95,3.35,0.67,1.25,100.2559727
31/10/2006,SPIRIT + MIXER,3.016256,2.67,2.95,3.385,0.72,1.267790262,101.6828367
31/12/2006,SPIRIT + MIXER,3.022351,2.7,2.95,3.4,0.7,1.259259259,100.9986095
31/01/2007,SPIRIT + MIXER,3.011448,2.68,2.95,3.4,0.72,1.268656716,101.7523305
31/03/2007,SPIRIT + MIXER,3.03797,2.7,3,3.4,0.7,1.259259259,100.9986095
31/05/2007,SPIRIT + MIXER,3.059704,2.72,3.05,3.4,0.68,1.25,100.2559727
31/07/2007,SPIRIT + MIXER,3.081896,2.75,3.055,3.45,0.7,1.254545455,100.6205399
31/08/2007,SPIRIT + MIXER,3.086947,2.75,3.065,3.45,0.7,1.254545455,100.6205399
31/10/2007,SPIRIT + MIXER,3.104372,2.8,3.1,3.45,0.65,1.232142857,98.82374451
31/12/2007,SPIRIT + MIXER,3.104769,2.8,3.1,3.45,0.65,1.232142857,98.82374451
31/01/2008,SPIRIT + MIXER,3.109467,2.8,3.1,3.45,0.65,1.232142857,98.82374451
31/03/2008,SPIRIT + MIXER,3.141611,2.8,3.1,3.45,0.65,1.232142857,98.82374451
31/05/2008,SPIRIT + MIXER,3.203233,2.85,3.12,3.6,0.75,1.263157895,101.3112987
31/07/2008,SPIRIT + MIXER,3.242779,2.85,3.2,3.63,0.78,1.273684211,102.1555595
31/08/2008,SPIRIT + MIXER,3.24778,2.85,3.25,3.62,0.77,1.270175439,101.8741393
31/10/2008,SPIRIT + MIXER,3.255569,2.9,3.225,3.6,0.7,1.24137931,99.56455219
31/12/2008,SPIRIT + MIXER,3.258714,2.9,3.22,3.62,0.72,1.248275862,100.1176886
31/01/2009,SPIRIT + MIXER,3.273419,2.9,3.27,3.62,0.72,1.248275862,100.1176886
31/03/2009,SPIRIT + MIXER,3.300278,2.9,3.3,3.65,0.75,1.25862069,100.9473932
31/05/2009,SPIRIT + MIXER,3.339816,2.91,3.3,3.7,0.79,1.271477663,101.9785839
31/07/2009,SPIRIT + MIXER,3.340225,2.95,3.3,3.7,0.75,1.254237288,100.5958235
31/08/2009,SPIRIT + MIXER,3.346163,2.95,3.32,3.715,0.77,1.259322034,101.0036444
31/10/2009,SPIRIT + MIXER,3.339033,2.95,3.335,3.7,0.75,1.254237288,100.5958235
31/12/2009,SPIRIT + MIXER,3.35956,2.95,3.35,3.8,0.85,1.288135593,103.3146295
31/01/2010,SPIRIT + MIXER,3.387413,2.99,3.35,3.8,0.81,1.27090301,101.932494
31/03/2010,SPIRIT + MIXER,3.455318,3,3.4,3.85,0.85,1.283333333,102.9294653
31/05/2010,SPIRIT + MIXER,3.496548,3.05,3.405,3.93,0.88,1.28852459,103.3458289
31/07/2010,SPIRIT + MIXER,3.506129,3.06,3.445,3.95,0.89,1.290849673,103.5323117
31/08/2010,SPIRIT + MIXER,3.511113,3.05,3.48,3.95,0.9,1.295081967,103.8717619
31/10/2010,SPIRIT + MIXER,3.529844,3.14,3.5,3.95,0.81,1.257961783,100.8945458
31/12/2010,SPIRIT + MIXER,3.550929,3.15,3.55,3.95,0.8,1.253968254,100.5742456
31/01/2011,SPIRIT + MIXER,3.624491,3.25,3.59,4.04,0.79,1.243076923,99.70070885
31/03/2011,SPIRIT + MIXER,3.64618,3.19,3.65,4.1,0.91,1.285266458,103.0845111
31/05/2011,SPIRIT + MIXER,3.696811,3.2,3.7,4.12,0.92,1.2875,103.2636519
31/07/2011,SPIRIT + MIXER,3.720449,3.24,3.7,4.24,1,1.308641975,104.9593393
31/08/2011,SPIRIT + MIXER,3.737079,3.24,3.7,4.24,1,1.308641975,104.9593393
31/10/2011,SPIRIT + MIXER,3.736463,3.2,3.7,4.25,1.05,1.328125,106.521971
31/12/2011,SPIRIT + MIXER,3.753176,3.3,3.7,4.25,0.95,1.287878788,103.2940325
31/01/2012,SPIRIT + MIXER,3.756053,3.3,3.7,4.25,0.95,1.287878788,103.2940325
31/03/2012,SPIRIT + MIXER,3.771652,3.3,3.75,4.2,0.9,1.272727273,102.0788086
31/05/2012,SPIRIT + MIXER,3.847477,3.35,3.85,4.3,0.95,1.28358209,102.9494167
31/07/2012,SPIRIT + MIXER,3.855234,3.35,3.85,4.35,1,1.298507463,104.146503
31/08/2012,SPIRIT + MIXER,3.860766,3.35,3.85,4.35,1,1.298507463,104.146503
31/10/2012,SPIRIT + MIXER,3.874646,3.4,3.85,4.35,0.95,1.279411765,102.6149368
31/12/2012,SPIRIT + MIXER,3.903012,3.35,3.9,4.37,1.02,1.304477612,104.6253375
31/01/2013,SPIRIT + MIXER,3.891853,3.31,3.85,4.35,1.04,1.314199396,105.405071
31/03/2013,SPIRIT + MIXER,3.913212,3.4,3.9,4.4,1,1.294117647,103.7944188
31/05/2013,SPIRIT + MIXER,3.952558,3.4,3.945,4.41,1.01,1.297058824,104.0303152
31/07/2013,SPIRIT + MIXER,3.961569,3.4,3.97,4.45,1.05,1.308823529,104.9739008
31/08/2013,SPIRIT + MIXER,3.972242,3.4,4,4.45,1.05,1.308823529,104.9739008
31/10/2013,SPIRIT + MIXER,3.983575,3.4,4,4.45,1.05,1.308823529,104.9739008
31/12/2013,SPIRIT + MIXER,4.014778,3.45,4,4.45,1,1.289855072,103.4525399
31/01/2014,SPIRIT + MIXER,4.016101,3.45,4,4.45,1,1.289855072,103.4525399
31/03/2014,SPIRIT + MIXER,4.055339,3.45,4,4.5,1.05,1.304347826,104.614928
31/05/2014,SPIRIT + MIXER,4.070579,3.45,4.1,4.55,1.1,1.31884058,105.7773161
31/07/2014,SPIRIT + MIXER,4.079815,3.45,4.1,4.59,1.14,1.330434783,106.7072266
31/08/2014,SPIRIT + MIXER,4.077349,3.45,4.05,4.59,1.14,1.330434783,106.7072266
31/10/2014,SPIRIT + MIXER,4.099726,3.5,4.1,4.59,1.09,1.311428571,105.1828376
31/12/2014,SPIRIT + MIXER,4.111229,3.5,4.1,4.595,1.1,1.312857143,105.2974159
31/01/2015,SPIRIT + MIXER,4.105455,3.5,4.1,4.55,1.05,1.3,104.2662116
31/03/2015,SPIRIT + MIXER,4.134637,3.55,4.1,4.65,1.1,1.309859155,105.0569629
31/05/2015,SPIRIT + MIXER,4.116518,3.45,4.1,4.65,1.2,1.347826087,108.1020923
31/07/2015,SPIRIT + MIXER,4.10835,3.4,4.1,4.64,1.24,1.364705882,109.4559325
31/08/2015,SPIRIT + MIXER,4.118105,3.45,4.1,4.65,1.2,1.347826087,108.1020923
31/10/2015,SPIRIT + MIXER,4.129397,3.45,4.1,4.65,1.2,1.347826087,108.1020923
31/12/2015,SPIRIT + MIXER,4.156958,3.5,4.125,4.65,1.15,1.328571429,106.5577767
31/01/2016,SPIRIT + MIXER,4.167324,3.5,4.15,4.65,1.15,1.328571429,106.5577767
31/03/2016,SPIRIT + MIXER,4.157853,3.45,4.15,4.62,1.17,1.339130435,107.4046594
31/05/2016,SPIRIT + MIXER,4.19033,3.45,4.15,4.725,1.28,1.369565217,109.8456744
31/07/2016,SPIRIT + MIXER,4.203272,3.45,4.15,4.8,1.35,1.391304348,111.5892566
31/08/2016,SPIRIT + MIXER,4.199608,3.45,4.2,4.8,1.35,1.391304348,111.5892566
31/10/2016,SPIRIT + MIXER,4.226822,3.5,4.2,4.8,1.3,1.371428571,109.9951243
31/12/2016,SPIRIT + MIXER,4.229834,3.5,4.2,4.8,1.3,1.371428571,109.9951243
31/01/2017,SPIRIT + MIXER,4.230869,3.5,4.2,4.8,1.3,1.371428571,109.9951243
31/03/2017,SPIRIT + MIXER,4.26338,3.5,4.2,4.8,1.3,1.371428571,109.9951243
31/05/2017,SPIRIT + MIXER,4.331788,3.5,4.3,4.95,1.45,1.414285714,113.432472
31/07/2017,SPIRIT + MIXER,4.358038,3.5,4.35,5,1.5,1.428571429,114.5782545
31/08/2017,SPIRIT + MIXER,4.355854,3.5,4.25,5,1.5,1.428571429,114.5782545
31/10/2017,SPIRIT + MIXER,4.370647,3.5,4.35,5,1.5,1.428571429,114.5782545
31/12/2017,SPIRIT + MIXER,4.369462,3.5,4.3,5,1.5,1.428571429,114.5782545
31/01/2018,SPIRIT + MIXER,4.37799,3.5,4.3,5,1.5,1.428571429,114.5782545
31/03/2018,SPIRIT + MIXER,4.40722,3.55,4.35,5.05,1.5,1.422535211,114.094121
31/05/2018,SPIRIT + MIXER,4.462791,3.55,4.45,5.15,1.6,1.450704225,116.3534106
31/07/2018,SPIRIT + MIXER,4.485255,3.55,4.45,5.19,1.64,1.461971831,117.2571264
31/08/2018,SPIRIT + MIXER,4.494693,3.55,4.45,5.2,1.65,1.464788732,117.4830553
31/10/2018,SPIRIT + MIXER,4.464209,3.545,4.45,5.2,1.66,1.466854725,117.6487578
31/12/2018,SPIRIT + MIXER,4.499972,3.59,4.5,5.25,1.66,1.462395543,117.2911101
31/01/2019,SPIRIT + MIXER,4.489157,3.55,4.49,5.2,1.65,1.464788732,117.4830553
31/03/2019,SPIRIT + MIXER,4.555897,3.6,4.525,5.3,1.7,1.472222222,118.0792567
31/05/2019,SPIRIT + MIXER,4.574902,3.6,4.55,5.35,1.75,1.486111111,119.193212
31/07/2019,SPIRIT + MIXER,4.591857,3.65,4.6,5.35,1.7,1.465753425,117.5604283
31/08/2019,SPIRIT + MIXER,4.610525,3.65,4.55,5.39,1.74,1.476712329,118.4393847
31/10/2019,SPIRIT + MIXER,4.601833,3.6,4.555,5.4,1.8,1.5,120.3071672
31/12/2019,SPIRIT + MIXER,4.612046,3.65,4.6,5.35,1.7,1.465753425,117.5604283
31/01/2020,SPIRIT + MIXER,4.618544,3.65,4.6,5.35,1.7,1.465753425,117.5604283
31/03/2020,SPIRIT + MIXER,4.65103,3.68,4.55,5.45,1.77,1.480978261,118.7815329
31/07/2020,SPIRIT + MIXER,4.505534,3.59,4.4,5.4,1.81,1.504178273,120.6422847
31/08/2020,SPIRIT + MIXER,4.443403,3.54,4.467,5.2,1.66,1.468926554,117.8149284
31/10/2020,SPIRIT + MIXER,4.626774,3.59,4.6,5.55,1.96,1.545961003,123.9934593
31/12/2020,SPIRIT + MIXER,4.684102,3.69,4.775,5.7,2.01,1.544715447,123.8935598
31/05/2021,SPIRIT + MIXER,4.342287,2.88,4.45,5.6,2.72,1.944444444,155.9537353
31/07/2021,SPIRIT + MIXER,4.695943,3.54,4.725,5.75,2.21,1.624293785,130.2761227
31/08/2021,SPIRIT + MIXER,4.71021,3.54,4.75,5.7,2.16,1.610169492,129.1432869
31/10/2021,SPIRIT + MIXER,4.711813,3.44,4.75,5.7,2.26,1.656976744,132.8974522
31/12/2021,SPIRIT + MIXER,4.717185,3.44,4.7,5.7,2.26,1.656976744,132.8974522
31/01/2022,SPIRIT + MIXER,4.704936,3.39,4.7,5.7,2.31,1.681415929,134.8575916
31/03/2022,SPIRIT + MIXER,4.80576,3.59,4.8,5.8,2.21,1.615598886,129.5787502
31/05/2022,SPIRIT + MIXER,4.955354,3.6,4.975,6.04,2.44,1.677777778,134.5657945
31/07/2022,SPIRIT + MIXER,4.973472,3.59,5,6.1,2.51,1.699164345,136.2810994
31/08/2022,SPIRIT + MIXER,5.021438,3.7,5.05,6.1,2.4,1.648648649,132.2294991
31/10/2022,SPIRIT + MIXER,5.076075,3.8,5.1,6.2,2.4,1.631578947,130.8604275
2003-04-31,SPIRIT + MIXER,2.7134461,2.4,2.65,2.94,0.54,1.225,98.25085324
2003-06-31,SPIRIT + MIXER,2.7427661,2.44,2.65,3,0.56,1.229508197,98.61243216
2003-09-31,SPIRIT + MIXER,2.7508284,2.45,2.7,3.02,0.57,1.232653061,98.86466532
2003-11-31,SPIRIT + MIXER,2.7665608,2.48,2.75,3,0.52,1.209677419,97.02190906
2004-02-31,SPIRIT + MIXER,2.8008112,2.5,2.77,3.1,0.6,1.24,99.45392491
2004-04-31,SPIRIT + MIXER,2.822782,2.5,2.79,3.1,0.6,1.24,99.45392491
2004-06-31,SPIRIT + MIXER,2.836071,2.5,2.8,3.1,0.6,1.24,99.45392491
2004-09-31,SPIRIT + MIXER,2.854393,2.5,2.8,3.15,0.65,1.26,101.0580205
2004-11-31,SPIRIT + MIXER,2.861954,2.5,2.8,3.15,0.65,1.26,101.0580205
2005-02-31,SPIRIT + MIXER,2.88378,2.505,2.81,3.2,0.7,1.27744511,102.4572016
2005-04-31,SPIRIT + MIXER,2.90202,2.53,2.85,3.2,0.67,1.264822134,101.4447787
2005-06-31,SPIRIT + MIXER,2.915326,2.55,2.85,3.2,0.65,1.254901961,100.6491334
2005-09-31,SPIRIT + MIXER,2.901253,2.57,2.85,3.21,0.64,1.249027237,100.1779525
2005-11-31,SPIRIT + MIXER,2.908146,2.59,2.85,3.22,0.63,1.243243243,99.71404852
2006-02-31,SPIRIT + MIXER,2.928591,2.59,2.88,3.25,0.66,1.254826255,100.6430614
2006-04-31,SPIRIT + MIXER,2.957775,2.6,2.94,3.25,0.65,1.25,100.2559727
2006-06-31,SPIRIT + MIXER,2.984905,2.65,2.95,3.35,0.7,1.264150943,101.390946
2006-09-31,SPIRIT + MIXER,3.004832,2.68,2.95,3.365,0.69,1.255597015,100.70488
2006-11-31,SPIRIT + MIXER,3.015211,2.67,2.95,3.4,0.73,1.27340824,102.1334254
2007-02-31,SPIRIT + MIXER,3.015269,2.7,2.95,3.4,0.7,1.259259259,100.9986095
2007-04-31,SPIRIT + MIXER,3.056737,2.7,3.05,3.4,0.7,1.259259259,100.9986095
2007-06-31,SPIRIT + MIXER,3.068945,2.73,3.05,3.45,0.72,1.263736264,101.3576867
2007-09-31,SPIRIT + MIXER,3.096544,2.78,3.09,3.45,0.67,1.241007194,99.53470671
2007-11-31,SPIRIT + MIXER,3.113727,2.8,3.1,3.45,0.65,1.232142857,98.82374451
2008-02-31,SPIRIT + MIXER,3.130024,2.8,3.1,3.45,0.65,1.232142857,98.82374451
2008-04-31,SPIRIT + MIXER,3.181545,2.85,3.1,3.55,0.7,1.245614035,99.90419735
2008-06-31,SPIRIT + MIXER,3.239824,2.85,3.2,3.6,0.75,1.263157895,101.3112987
2008-09-31,SPIRIT + MIXER,3.253567,2.9,3.2,3.6,0.7,1.24137931,99.56455219
2008-11-31,SPIRIT + MIXER,3.265841,2.9,3.25,3.65,0.75,1.25862069,100.9473932
2009-02-31,SPIRIT + MIXER,3.292095,2.9,3.26,3.65,0.75,1.25862069,100.9473932
2009-04-31,SPIRIT + MIXER,3.312952,2.9,3.3,3.7,0.8,1.275862069,102.3302342
2009-06-31,SPIRIT + MIXER,3.339459,2.95,3.3,3.7,0.75,1.254237288,100.5958235
2009-09-31,SPIRIT + MIXER,3.347484,2.95,3.35,3.75,0.8,1.271186441,101.9552265
2009-11-31,SPIRIT + MIXER,3.353682,2.95,3.35,3.76,0.81,1.274576271,102.2271071
2010-02-31,SPIRIT + MIXER,3.437355,2.99,3.4,3.85,0.86,1.287625418,103.273711
2010-04-31,SPIRIT + MIXER,3.490823,3.05,3.425,3.93,0.88,1.28852459,103.3458289
2010-06-31,SPIRIT + MIXER,3.504463,3.05,3.43,3.95,0.9,1.295081967,103.8717619
2010-09-31,SPIRIT + MIXER,3.512076,3.085,3.5,3.95,0.87,1.280388979,102.693314
2010-11-31,SPIRIT + MIXER,3.539536,3.15,3.5,3.95,0.8,1.253968254,100.5742456
2011-02-31,SPIRIT + MIXER,3.648557,3.24,3.65,4.1,0.86,1.265432099,101.4937008
2011-04-31,SPIRIT + MIXER,3.685415,3.24,3.7,4.1,0.86,1.265432099,101.4937008
2011-06-31,SPIRIT + MIXER,3.708528,3.2,3.7,4.195,1,1.3109375,105.1434514
2011-09-31,SPIRIT + MIXER,3.738839,3.2,3.7,4.25,1.05,1.328125,106.521971
2011-11-31,SPIRIT + MIXER,3.742979,3.24,3.7,4.25,1.01,1.311728395,105.2068849
2012-02-31,SPIRIT + MIXER,3.761558,3.3,3.75,4.2,0.9,1.272727273,102.0788086
2012-04-31,SPIRIT + MIXER,3.837197,3.35,3.8,4.3,0.95,1.28358209,102.9494167
2012-06-31,SPIRIT + MIXER,3.854078,3.35,3.85,4.32,0.97,1.289552239,103.4282512
2012-09-31,SPIRIT + MIXER,3.86142,3.4,3.85,4.35,0.95,1.279411765,102.6149368
2012-11-31,SPIRIT + MIXER,3.881438,3.29,3.85,4.35,1.06,1.32218845,106.0458313
2013-02-31,SPIRIT + MIXER,3.902114,3.4,3.9,4.35,0.95,1.279411765,102.6149368
2013-04-31,SPIRIT + MIXER,3.946877,3.4,3.9,4.4,1,1.294117647,103.7944188
2013-06-31,SPIRIT + MIXER,3.949981,3.4,3.92,4.4,1,1.294117647,103.7944188
2013-09-31,SPIRIT + MIXER,3.977048,3.4,4,4.45,1.05,1.308823529,104.9739008
2013-11-31,SPIRIT + MIXER,4.003421,3.45,4,4.45,1,1.289855072,103.4525399
2014-02-31,SPIRIT + MIXER,4.044269,3.4,4.05,4.55,1.15,1.338235294,107.3328649
2014-04-31,SPIRIT + MIXER,4.063711,3.45,4,4.5,1.05,1.304347826,104.614928
2014-06-31,SPIRIT + MIXER,4.09377,3.45,4.1,4.6,1.15,1.333333333,106.9397042
2014-09-31,SPIRIT + MIXER,4.077499,3.4,4.05,4.6,1.2,1.352941176,108.5123469
2014-11-31,SPIRIT + MIXER,4.095029,3.45,4.1,4.55,1.1,1.31884058,105.7773161
2015-02-31,SPIRIT + MIXER,4.117528,3.45,4.1,4.6,1.15,1.333333333,106.9397042
2015-04-31,SPIRIT + MIXER,4.111835,3.45,4.1,4.65,1.2,1.347826087,108.1020923
2015-06-31,SPIRIT + MIXER,4.116831,3.5,4.1,4.65,1.15,1.328571429,106.5577767
2015-09-31,SPIRIT + MIXER,4.131216,3.45,4.15,4.65,1.2,1.347826087,108.1020923
2015-11-31,SPIRIT + MIXER,4.135205,3.475,4.15,4.65,1.18,1.338129496,107.3243794
2016-02-31,SPIRIT + MIXER,4.137884,3.4,4.1,4.65,1.25,1.367647059,109.691829
2016-04-31,SPIRIT + MIXER,4.175196,3.45,4.15,4.7,1.25,1.362318841,109.2644804
2016-06-31,SPIRIT + MIXER,4.191144,3.45,4.15,4.7,1.25,1.362318841,109.2644804
2016-09-31,SPIRIT + MIXER,4.207938,3.5,4.2,4.8,1.3,1.371428571,109.9951243
2016-11-31,SPIRIT + MIXER,4.241303,3.5,4.2,4.8,1.3,1.371428571,109.9951243
2017-02-31,SPIRIT + MIXER,4.245146,3.45,4.2,4.85,1.4,1.405797101,112.7516447
2017-04-31,SPIRIT + MIXER,4.304463,3.5,4.25,4.9,1.4,1.4,112.2866894
2017-06-31,SPIRIT + MIXER,4.35626,3.5,4.325,4.975,1.48,1.421428571,114.0053632
2017-09-31,SPIRIT + MIXER,4.352054,3.5,4.25,5,1.5,1.428571429,114.5782545
2017-11-31,SPIRIT + MIXER,4.374452,3.5,4.35,5,1.5,1.428571429,114.5782545
2018-02-31,SPIRIT + MIXER,4.386506,3.5,4.35,5.05,1.55,1.442857143,115.7240371
2018-04-31,SPIRIT + MIXER,4.441014,3.55,4.375,5.125,1.58,1.443661972,115.7885882
2018-06-31,SPIRIT + MIXER,4.464512,3.55,4.45,5.15,1.6,1.450704225,116.3534106
2018-09-31,SPIRIT + MIXER,4.511142,3.57,4.45,5.2,1.63,1.456582633,116.824887
2018-11-31,SPIRIT + MIXER,4.4953,3.55,4.47,5.2,1.65,1.464788732,117.4830553
2019-02-31,SPIRIT + MIXER,4.535626,3.6,4.5,5.25,1.65,1.458333333,116.9653015
2019-04-31,SPIRIT + MIXER,4.562333,3.6,4.5,5.35,1.75,1.486111111,119.193212
2019-06-31,SPIRIT + MIXER,4.585737,3.625,4.555,5.35,1.73,1.475862069,118.3711898
2019-09-31,SPIRIT + MIXER,4.608204,3.65,4.6,5.4,1.75,1.479452055,118.6591238
2019-11-31,SPIRIT + MIXER,4.620821,3.65,4.6,5.4,1.75,1.479452055,118.6591238
2020-02-31,SPIRIT + MIXER,4.654693,3.65,4.6,5.45,1.8,1.493150685,119.7578194
2020-09-31,SPIRIT + MIXER,4.621991,3.59,4.65,5.5,1.91,1.532033426,122.8764011
2021-06-31,SPIRIT + MIXER,4.506538,3.09,4.5,5.7,2.61,1.844660194,147.9505616
2021-09-31,SPIRIT + MIXER,4.719408,3.54,4.75,5.7,2.16,1.610169492,129.1432869
2021-11-31,SPIRIT + MIXER,4.725982,3.48,4.75,5.7,2.22,1.637931034,131.3698953
2022-02-31,SPIRIT + MIXER,4.720187,3.39,4.745,5.65,2.26,1.666666667,133.6746303
2022-04-31,SPIRIT + MIXER,4.923215,3.59,4.9,5.975,2.39,1.664345404,133.4884539
2022-06-31,SPIRIT + MIXER,4.982368,3.7,5.05,6.075,2.38,1.641891892,131.6875749
2022-09-31,SPIRIT + MIXER,5.036635,3.7,5.05,6.1,2.4,1.648648649,132.2294991
2003-02-31,"WINE, PER 175 - 250 ML SERVING",2.198169,1.9,2.2,2.4,0.5,1.263157895,100
31/03/2003,"WINE, PER 175 - 250 ML SERVING",2.20802,1.95,2.2,2.4,0.45,1.230769231,97.43589744
31/05/2003,"WINE, PER 175 - 250 ML SERVING",2.204765,1.95,2.2,2.45,0.5,1.256410256,99.46581197
31/07/2003,"WINE, PER 175 - 250 ML SERVING",2.223719,1.95,2.2,2.45,0.5,1.256410256,99.46581197
31/08/2003,"WINE, PER 175 - 250 ML SERVING",2.23044,1.96,2.2,2.45,0.49,1.25,98.95833333
31/10/2003,"WINE, PER 175 - 250 ML SERVING",2.233614,2,2.2,2.45,0.45,1.225,96.97916667
31/12/2003,"WINE, PER 175 - 250 ML SERVING",2.237786,2,2.25,2.5,0.5,1.25,98.95833333
31/01/2004,"WINE, PER 175 - 250 ML SERVING",2.233812,2,2.23,2.5,0.5,1.25,98.95833333
31/03/2004,"WINE, PER 175 - 250 ML SERVING",2.287986,2,2.3,2.5,0.5,1.25,98.95833333
31/05/2004,"WINE, PER 175 - 250 ML SERVING",2.308487,2,2.3,2.5,0.5,1.25,98.95833333
31/07/2004,"WINE, PER 175 - 250 ML SERVING",2.326238,2.025,2.3,2.55,0.53,1.259259259,99.69135802
31/08/2004,"WINE, PER 175 - 250 ML SERVING",2.327494,2.05,2.3,2.55,0.5,1.243902439,98.47560976
31/10/2004,"WINE, PER 175 - 250 ML SERVING",2.347173,2.05,2.35,2.6,0.55,1.268292683,100.4065041
31/12/2004,"WINE, PER 175 - 250 ML SERVING",2.355747,2.05,2.35,2.6,0.55,1.268292683,100.4065041
31/01/2005,"WINE, PER 175 - 250 ML SERVING",2.345491,2.05,2.35,2.6,0.55,1.268292683,100.4065041
31/03/2005,"WINE, PER 175 - 250 ML SERVING",2.382034,2.05,2.35,2.6,0.55,1.268292683,100.4065041
31/05/2005,"WINE, PER 175 - 250 ML SERVING",2.331003,2.1,2.35,2.55,0.45,1.214285714,96.13095238
31/07/2005,"WINE, PER 175 - 250 ML SERVING",2.415754,2.1,2.4,2.7,0.6,1.285714286,101.7857143
31/08/2005,"WINE, PER 175 - 250 ML SERVING",2.420556,2.1,2.4,2.7,0.6,1.285714286,101.7857143
31/10/2005,"WINE, PER 175 - 250 ML SERVING",2.415529,2.1,2.4,2.7,0.6,1.285714286,101.7857143
31/12/2005,"WINE, PER 175 - 250 ML SERVING",2.42169,2.1,2.4,2.7,0.6,1.285714286,101.7857143
31/01/2006,"WINE, PER 175 - 250 ML SERVING",2.395922,2.1,2.4,2.7,0.6,1.285714286,101.7857143
31/03/2006,"WINE, PER 175 - 250 ML SERVING",2.450441,2.11,2.445,2.7,0.59,1.279620853,101.3033175
31/05/2006,"WINE, PER 175 - 250 ML SERVING",2.489301,2.2,2.5,2.75,0.55,1.25,98.95833333
31/07/2006,"WINE, PER 175 - 250 ML SERVING",2.488585,2.2,2.5,2.75,0.55,1.25,98.95833333
31/08/2006,"WINE, PER 175 - 250 ML SERVING",2.501018,2.2,2.5,2.75,0.55,1.25,98.95833333
31/10/2006,"WINE, PER 175 - 250 ML SERVING",2.525147,2.25,2.5,2.75,0.5,1.222222222,96.75925926
31/12/2006,"WINE, PER 175 - 250 ML SERVING",2.529226,2.25,2.5,2.8,0.55,1.244444444,98.51851852
31/01/2007,"WINE, PER 175 - 250 ML SERVING",2.513657,2.225,2.5,2.8,0.58,1.258426966,99.62546816
31/03/2007,"WINE, PER 175 - 250 ML SERVING",2.535329,2.25,2.5,2.8,0.55,1.244444444,98.51851852
31/05/2007,"WINE, PER 175 - 250 ML SERVING",2.564417,2.25,2.55,2.85,0.6,1.266666667,100.2777778
31/07/2007,"WINE, PER 175 - 250 ML SERVING",2.576239,2.29,2.55,2.85,0.56,1.244541485,98.52620087
31/08/2007,"WINE, PER 175 - 250 ML SERVING",2.574531,2.29,2.55,2.85,0.56,1.244541485,98.52620087
31/10/2007,"WINE, PER 175 - 250 ML SERVING",2.580067,2.29,2.55,2.85,0.56,1.244541485,98.52620087
31/12/2007,"WINE, PER 175 - 250 ML SERVING",2.574966,2.25,2.55,2.85,0.6,1.266666667,100.2777778
31/01/2008,"WINE, PER 175 - 250 ML SERVING",2.582172,2.29,2.575,2.89,0.6,1.262008734,99.90902475
31/03/2008,"WINE, PER 175 - 250 ML SERVING",2.599707,2.3,2.6,2.9,0.6,1.260869565,99.81884058
31/05/2008,"WINE, PER 175 - 250 ML SERVING",2.652847,2.39,2.6,2.95,0.56,1.234309623,97.71617852
31/07/2008,"WINE, PER 175 - 250 ML SERVING",2.667047,2.35,2.65,2.95,0.6,1.255319149,99.37943262
31/08/2008,"WINE, PER 175 - 250 ML SERVING",2.67605,2.35,2.65,2.95,0.6,1.255319149,99.37943262
31/10/2008,"WINE, PER 175 - 250 ML SERVING",2.679714,2.39,2.65,2.95,0.56,1.234309623,97.71617852
31/12/2008,"WINE, PER 175 - 250 ML SERVING",2.716758,2.4,2.7,3,0.6,1.25,98.95833333
31/01/2009,"WINE, PER 175 - 250 ML SERVING",2.71292,2.4,2.7,3,0.6,1.25,98.95833333
31/03/2009,"WINE, PER 175 - 250 ML SERVING",2.755335,2.4,2.72,3,0.6,1.25,98.95833333
31/05/2009,"WINE, PER 175 - 250 ML SERVING",2.779529,2.45,2.75,3.1,0.65,1.265306122,100.170068
31/07/2009,"WINE, PER 175 - 250 ML SERVING",2.799631,2.45,2.75,3.1,0.65,1.265306122,100.170068
31/08/2009,"WINE, PER 175 - 250 ML SERVING",2.803914,2.49,2.775,3.1,0.61,1.24497992,98.56091031
31/10/2009,"WINE, PER 175 - 250 ML SERVING",2.779476,2.48,2.75,3.1,0.62,1.25,98.95833333
31/12/2009,"WINE, PER 175 - 250 ML SERVING",2.777335,2.48,2.75,3.1,0.62,1.25,98.95833333
31/01/2010,"WINE, PER 175 - 250 ML SERVING",2.777364,2.49,2.76,3.1,0.61,1.24497992,98.56091031
31/03/2010,"WINE, PER 175 - 250 ML SERVING",2.844128,2.5,2.85,3.2,0.7,1.28,101.3333333
31/05/2010,"WINE, PER 175 - 250 ML SERVING",2.867506,2.5,2.9,3.25,0.75,1.3,102.9166667
31/07/2010,"WINE, PER 175 - 250 ML SERVING",2.868978,2.5,2.9,3.25,0.75,1.3,102.9166667
31/08/2010,"WINE, PER 175 - 250 ML SERVING",2.877915,2.5,2.9,3.25,0.75,1.3,102.9166667
31/10/2010,"WINE, PER 175 - 250 ML SERVING",2.896267,2.55,2.9,3.25,0.7,1.274509804,100.8986928
31/12/2010,"WINE, PER 175 - 250 ML SERVING",2.91377,2.55,2.9,3.25,0.7,1.274509804,100.8986928
31/01/2011,"WINE, PER 175 - 250 ML SERVING",2.958414,2.55,2.95,3.3,0.75,1.294117647,102.4509804
31/03/2011,"WINE, PER 175 - 250 ML SERVING",3.008149,2.6,2.95,3.35,0.75,1.288461538,102.0032051
31/05/2011,"WINE, PER 175 - 250 ML SERVING",3.071911,2.65,3,3.45,0.8,1.301886792,103.0660377
31/07/2011,"WINE, PER 175 - 250 ML SERVING",3.078871,2.65,3,3.5,0.85,1.320754717,104.5597484
31/08/2011,"WINE, PER 175 - 250 ML SERVING",3.102889,2.7,3.05,3.5,0.8,1.296296296,102.6234568
31/10/2011,"WINE, PER 175 - 250 ML SERVING",3.146253,2.75,3.1,3.5,0.75,1.272727273,100.7575758
31/12/2011,"WINE, PER 175 - 250 ML SERVING",3.165158,2.75,3.1,3.5,0.75,1.272727273,100.7575758
31/01/2012,"WINE, PER 175 - 250 ML SERVING",3.159687,2.75,3.1,3.5,0.75,1.272727273,100.7575758
31/03/2012,"WINE, PER 175 - 250 ML SERVING",3.236543,2.8,3.2,3.6,0.8,1.285714286,101.7857143
31/05/2012,"WINE, PER 175 - 250 ML SERVING",3.304468,2.85,3.25,3.7,0.85,1.298245614,102.7777778
31/07/2012,"WINE, PER 175 - 250 ML SERVING",3.303745,2.85,3.25,3.7,0.85,1.298245614,102.7777778
31/08/2012,"WINE, PER 175 - 250 ML SERVING",3.31025,2.85,3.2,3.75,0.9,1.315789474,104.1666667
31/10/2012,"WINE, PER 175 - 250 ML SERVING",3.272731,2.8,3.2,3.75,0.95,1.339285714,106.0267857
31/12/2012,"WINE, PER 175 - 250 ML SERVING",3.283752,2.8,3.25,3.75,0.95,1.339285714,106.0267857
31/01/2013,"WINE, PER 175 - 250 ML SERVING",3.273405,2.8,3.25,3.75,0.95,1.339285714,106.0267857
31/03/2013,"WINE, PER 175 - 250 ML SERVING",3.305106,2.8,3.25,3.75,0.95,1.339285714,106.0267857
31/05/2013,"WINE, PER 175 - 250 ML SERVING",3.384951,2.9,3.3,3.9,1,1.344827586,106.4655172
31/07/2013,"WINE, PER 175 - 250 ML SERVING",3.391966,2.895,3.3,3.895,1,1.345423143,106.5126655
31/08/2013,"WINE, PER 175 - 250 ML SERVING",3.401364,2.9,3.325,3.9,1,1.344827586,106.4655172
31/10/2013,"WINE, PER 175 - 250 ML SERVING",3.411086,2.9,3.35,3.9,1,1.344827586,106.4655172
31/12/2013,"WINE, PER 175 - 250 ML SERVING",3.427977,2.89,3.35,3.9,1.01,1.349480969,106.83391
31/01/2014,"WINE, PER 175 - 250 ML SERVING",3.435117,2.895,3.35,3.95,1.06,1.364421416,108.0166955
31/03/2014,"WINE, PER 175 - 250 ML SERVING",3.41731,2.85,3.35,3.9,1.05,1.368421053,108.3333333
31/05/2014,"WINE, PER 175 - 250 ML SERVING",3.454814,2.9,3.4,3.95,1.05,1.362068966,107.8304598
31/07/2014,"WINE, PER 175 - 250 ML SERVING",3.473092,2.9,3.45,3.95,1.05,1.362068966,107.8304598
31/08/2014,"WINE, PER 175 - 250 ML SERVING",3.48072,2.9,3.45,3.95,1.05,1.362068966,107.8304598
31/10/2014,"WINE, PER 175 - 250 ML SERVING",3.527401,2.95,3.495,3.99,1.04,1.352542373,107.0762712
31/12/2014,"WINE, PER 175 - 250 ML SERVING",3.509828,2.95,3.45,3.99,1.04,1.352542373,107.0762712
31/01/2015,"WINE, PER 175 - 250 ML SERVING",3.4891,2.895,3.45,3.99,1.1,1.378238342,109.1105354
31/03/2015,"WINE, PER 175 - 250 ML SERVING",3.521985,2.9,3.47,4,1.1,1.379310345,109.1954023
31/05/2015,"WINE, PER 175 - 250 ML SERVING",3.557875,2.95,3.5,4,1.05,1.355932203,107.3446328
31/07/2015,"WINE, PER 175 - 250 ML SERVING",3.559778,2.95,3.5,4.05,1.1,1.372881356,108.6864407
31/08/2015,"WINE, PER 175 - 250 ML SERVING",3.543512,2.95,3.49,4.05,1.1,1.372881356,108.6864407
31/10/2015,"WINE, PER 175 - 250 ML SERVING",3.549902,2.89,3.5,4.05,1.16,1.401384083,110.9429066
31/12/2015,"WINE, PER 175 - 250 ML SERVING",3.593873,2.925,3.5,4.1,1.18,1.401709402,110.968661
31/01/2016,"WINE, PER 175 - 250 ML SERVING",3.577494,2.9,3.5,4.1,1.2,1.413793103,111.9252874
31/03/2016,"WINE, PER 175 - 250 ML SERVING",3.603975,2.87,3.5,4.15,1.28,1.445993031,114.4744483
31/05/2016,"WINE, PER 175 - 250 ML SERVING",3.642734,2.89,3.57,4.2,1.31,1.453287197,115.0519031
31/07/2016,"WINE, PER 175 - 250 ML SERVING",3.653719,2.9,3.6,4.2,1.3,1.448275862,114.6551724
31/08/2016,"WINE, PER 175 - 250 ML SERVING",3.650124,2.87,3.6,4.2,1.33,1.463414634,115.8536585
31/10/2016,"WINE, PER 175 - 250 ML SERVING",3.697827,2.95,3.65,4.25,1.3,1.440677966,114.0536723
31/12/2016,"WINE, PER 175 - 250 ML SERVING",3.70826,2.95,3.67,4.3,1.35,1.457627119,115.3954802
31/01/2017,"WINE, PER 175 - 250 ML SERVING",3.706749,2.9,3.65,4.35,1.45,1.5,118.75
31/03/2017,"WINE, PER 175 - 250 ML SERVING",3.763779,2.95,3.65,4.35,1.4,1.474576271,116.7372881
31/05/2017,"WINE, PER 175 - 250 ML SERVING",3.801763,2.95,3.75,4.4,1.45,1.491525424,118.079096
31/07/2017,"WINE, PER 175 - 250 ML SERVING",3.836115,2.99,3.79,4.5,1.51,1.505016722,119.1471572
31/08/2017,"WINE, PER 175 - 250 ML SERVING",3.821047,2.99,3.75,4.49,1.5,1.501672241,118.8823857
31/10/2017,"WINE, PER 175 - 250 ML SERVING",3.839853,3,3.79,4.49,1.49,1.496666667,118.4861111
31/12/2017,"WINE, PER 175 - 250 ML SERVING",3.868073,3,3.795,4.5,1.5,1.5,118.75
31/01/2018,"WINE, PER 175 - 250 ML SERVING",3.855771,2.99,3.8,4.5,1.51,1.505016722,119.1471572
31/03/2018,"WINE, PER 175 - 250 ML SERVING",3.884061,2.99,3.79,4.5,1.51,1.505016722,119.1471572
31/05/2018,"WINE, PER 175 - 250 ML SERVING",3.894177,2.99,3.79,4.5,1.51,1.505016722,119.1471572
31/07/2018,"WINE, PER 175 - 250 ML SERVING",3.921371,2.99,3.8,4.59,1.6,1.535117057,121.5301003
31/08/2018,"WINE, PER 175 - 250 ML SERVING",3.922892,2.97,3.85,4.6,1.63,1.548821549,122.6150393
31/10/2018,"WINE, PER 175 - 250 ML SERVING",3.944127,2.99,3.85,4.6,1.61,1.538461538,121.7948718
31/12/2018,"WINE, PER 175 - 250 ML SERVING",3.973985,2.99,3.89,4.75,1.76,1.588628763,125.7664437
31/01/2019,"WINE, PER 175 - 250 ML SERVING",3.925793,2.95,3.85,4.6,1.65,1.559322034,123.4463277
31/03/2019,"WINE, PER 175 - 250 ML SERVING",4.04452,3.07,3.95,4.77,1.7,1.553745928,123.004886
31/05/2019,"WINE, PER 175 - 250 ML SERVING",4.085,3.09,3.99,4.8,1.71,1.553398058,122.9773463
31/07/2019,"WINE, PER 175 - 250 ML SERVING",4.110025,3.09,3.99,4.85,1.76,1.569579288,124.2583603
31/08/2019,"WINE, PER 175 - 250 ML SERVING",4.112506,3.1,3.99,4.85,1.75,1.564516129,123.8575269
31/10/2019,"WINE, PER 175 - 250 ML SERVING",4.126582,3.15,3.99,4.9,1.75,1.555555556,123.1481481
31/12/2019,"WINE, PER 175 - 250 ML SERVING",4.132005,3.15,3.99,4.95,1.8,1.571428571,124.4047619
31/01/2020,"WINE, PER 175 - 250 ML SERVING",4.141645,3.15,4,4.95,1.8,1.571428571,124.4047619
31/03/2020,"WINE, PER 175 - 250 ML SERVING",4.132796,3.095,4,4.95,1.86,1.599353796,126.6155089
31/07/2020,"WINE, PER 175 - 250 ML SERVING",3.923005,2.95,3.75,4.7,1.75,1.593220339,126.1299435
31/08/2020,"WINE, PER 175 - 250 ML SERVING",4.082896,3.05,3.95,5,1.95,1.639344262,129.7814208
31/10/2020,"WINE, PER 175 - 250 ML SERVING",4.122694,3.1,3.9,5,1.9,1.612903226,127.688172
31/12/2020,"WINE, PER 175 - 250 ML SERVING",4.392149,3.2,4.39,5.19,1.99,1.621875,128.3984375
31/05/2021,"WINE, PER 175 - 250 ML SERVING",4.048154,2.9,3.75,5,2.1,1.724137931,136.4942529
31/07/2021,"WINE, PER 175 - 250 ML SERVING",4.185281,3.1,3.95,5,1.9,1.612903226,127.688172
31/08/2021,"WINE, PER 175 - 250 ML SERVING",4.227913,3.1,4,5,1.9,1.612903226,127.688172
31/10/2021,"WINE, PER 175 - 250 ML SERVING",4.263397,3.2,4.095,5,1.8,1.5625,123.6979167
31/12/2021,"WINE, PER 175 - 250 ML SERVING",4.051885,3,4.125,5.1,2.1,1.7,134.5833333
31/01/2022,"WINE, PER 175 - 250 ML SERVING",3.998066,2.9,4,5.1,2.2,1.75862069,139.2241379
31/03/2022,"WINE, PER 175 - 250 ML SERVING",4.160895,3.2,4.2,5.2,2,1.625,128.6458333
31/05/2022,"WINE, PER 175 - 250 ML SERVING",4.272407,3.29,4.35,5.3,2.01,1.610942249,127.5329281
31/07/2022,"WINE, PER 175 - 250 ML SERVING",4.319684,3.2,4.39,5.395,2.2,1.6859375,133.4700521
31/08/2022,"WINE, PER 175 - 250 ML SERVING",4.386606,3.25,4.49,5.5,2.25,1.692307692,133.974359
31/10/2022,"WINE, PER 175 - 250 ML SERVING",4.451275,3.29,4.5,5.5,2.21,1.671732523,132.3454914
2003-04-31,"WINE, PER 175 - 250 ML SERVING",2.196542,1.95,2.2,2.4,0.45,1.230769231,97.43589744
2003-06-31,"WINE, PER 175 - 250 ML SERVING",2.204665,1.95,2.2,2.45,0.5,1.256410256,99.46581197
2003-09-31,"WINE, PER 175 - 250 ML SERVING",2.224595,1.95,2.2,2.45,0.5,1.256410256,99.46581197
2003-11-31,"WINE, PER 175 - 250 ML SERVING",2.232948,2,2.2,2.45,0.45,1.225,96.97916667
2004-02-31,"WINE, PER 175 - 250 ML SERVING",2.270701,2,2.25,2.5,0.5,1.25,98.95833333
2004-04-31,"WINE, PER 175 - 250 ML SERVING",2.303928,2,2.3,2.5,0.5,1.25,98.95833333
2004-06-31,"WINE, PER 175 - 250 ML SERVING",2.317279,2,2.3,2.5,0.5,1.25,98.95833333
2004-09-31,"WINE, PER 175 - 250 ML SERVING",2.335,2.05,2.3,2.6,0.55,1.268292683,100.4065041
2004-11-31,"WINE, PER 175 - 250 ML SERVING",2.344052,2.05,2.3,2.6,0.55,1.268292683,100.4065041
2005-02-31,"WINE, PER 175 - 250 ML SERVING",2.364904,2.05,2.35,2.6,0.55,1.268292683,100.4065041
2005-04-31,"WINE, PER 175 - 250 ML SERVING",2.408158,2.1,2.4,2.65,0.55,1.261904762,99.90079365
2005-06-31,"WINE, PER 175 - 250 ML SERVING",2.417819,2.1,2.4,2.7,0.6,1.285714286,101.7857143
2005-09-31,"WINE, PER 175 - 250 ML SERVING",2.404349,2.1,2.4,2.65,0.55,1.261904762,99.90079365
2005-11-31,"WINE, PER 175 - 250 ML SERVING",2.412292,2.1,2.4,2.65,0.55,1.261904762,99.90079365
2006-02-31,"WINE, PER 175 - 250 ML SERVING",2.434819,2.1,2.4,2.7,0.6,1.285714286,101.7857143
2006-04-31,"WINE, PER 175 - 250 ML SERVING",2.467775,2.15,2.45,2.7,0.55,1.255813953,99.41860465
2006-06-31,"WINE, PER 175 - 250 ML SERVING",2.477855,2.15,2.5,2.75,0.6,1.279069767,101.2596899
2006-09-31,"WINE, PER 175 - 250 ML SERVING",2.511487,2.2,2.5,2.75,0.55,1.25,98.95833333
2006-11-31,"WINE, PER 175 - 250 ML SERVING",2.52615,2.2,2.5,2.8,0.6,1.272727273,100.7575758
2007-02-31,"WINE, PER 175 - 250 ML SERVING",2.521318,2.25,2.5,2.8,0.55,1.244444444,98.51851852
2007-04-31,"WINE, PER 175 - 250 ML SERVING",2.566264,2.25,2.55,2.85,0.6,1.266666667,100.2777778
2007-06-31,"WINE, PER 175 - 250 ML SERVING",2.57298,2.29,2.55,2.85,0.56,1.244541485,98.52620087
2007-09-31,"WINE, PER 175 - 250 ML SERVING",2.576719,2.29,2.55,2.85,0.56,1.244541485,98.52620087
2007-11-31,"WINE, PER 175 - 250 ML SERVING",2.577168,2.29,2.55,2.85,0.56,1.244541485,98.52620087
2008-02-31,"WINE, PER 175 - 250 ML SERVING",2.584224,2.3,2.555,2.89,0.59,1.256521739,99.47463768
2008-04-31,"WINE, PER 175 - 250 ML SERVING",2.634217,2.35,2.6,2.9,0.55,1.234042553,97.69503546
2008-06-31,"WINE, PER 175 - 250 ML SERVING",2.657775,2.35,2.65,2.95,0.6,1.255319149,99.37943262
2008-09-31,"WINE, PER 175 - 250 ML SERVING",2.681096,2.35,2.65,2.99,0.64,1.272340426,100.7269504
2008-11-31,"WINE, PER 175 - 250 ML SERVING",2.705089,2.4,2.65,3,0.6,1.25,98.95833333
2009-02-31,"WINE, PER 175 - 250 ML SERVING",2.743954,2.4,2.7,3,0.6,1.25,98.95833333
2009-04-31,"WINE, PER 175 - 250 ML SERVING",2.758527,2.4,2.7,3,0.6,1.25,98.95833333
2009-06-31,"WINE, PER 175 - 250 ML SERVING",2.78738,2.45,2.75,3.1,0.65,1.265306122,100.170068
2009-09-31,"WINE, PER 175 - 250 ML SERVING",2.794529,2.45,2.75,3.1,0.65,1.265306122,100.170068
2009-11-31,"WINE, PER 175 - 250 ML SERVING",2.782791,2.45,2.75,3.1,0.65,1.265306122,100.170068
2010-02-31,"WINE, PER 175 - 250 ML SERVING",2.828043,2.5,2.8,3.2,0.7,1.28,101.3333333
2010-04-31,"WINE, PER 175 - 250 ML SERVING",2.86883,2.5,2.9,3.25,0.75,1.3,102.9166667
2010-06-31,"WINE, PER 175 - 250 ML SERVING",2.865479,2.5,2.9,3.25,0.75,1.3,102.9166667
2010-09-31,"WINE, PER 175 - 250 ML SERVING",2.875211,2.5,2.9,3.25,0.75,1.3,102.9166667
2010-11-31,"WINE, PER 175 - 250 ML SERVING",2.915968,2.55,2.9,3.25,0.7,1.274509804,100.8986928
2011-02-31,"WINE, PER 175 - 250 ML SERVING",2.996604,2.6,2.95,3.35,0.75,1.288461538,102.0032051
2011-04-31,"WINE, PER 175 - 250 ML SERVING",3.060878,2.65,3,3.4,0.75,1.283018868,101.572327
2011-06-31,"WINE, PER 175 - 250 ML SERVING",3.076286,2.69,3,3.5,0.81,1.301115242,103.0049566
2011-09-31,"WINE, PER 175 - 250 ML SERVING",3.129372,2.75,3.05,3.5,0.75,1.272727273,100.7575758
2011-11-31,"WINE, PER 175 - 250 ML SERVING",3.142761,2.75,3.1,3.5,0.75,1.272727273,100.7575758
2012-02-31,"WINE, PER 175 - 250 ML SERVING",3.22374,2.8,3.2,3.6,0.8,1.285714286,101.7857143
2012-04-31,"WINE, PER 175 - 250 ML SERVING",3.294526,2.85,3.2,3.65,0.8,1.280701754,101.3888889
2012-06-31,"WINE, PER 175 - 250 ML SERVING",3.304942,2.89,3.225,3.7,0.81,1.280276817,101.355248
2012-09-31,"WINE, PER 175 - 250 ML SERVING",3.275624,2.85,3.2,3.75,0.9,1.315789474,104.1666667
2012-11-31,"WINE, PER 175 - 250 ML SERVING",3.281248,2.8,3.2,3.75,0.95,1.339285714,106.0267857
2013-02-31,"WINE, PER 175 - 250 ML SERVING",3.290884,2.8,3.25,3.75,0.95,1.339285714,106.0267857
2013-04-31,"WINE, PER 175 - 250 ML SERVING",3.366868,2.85,3.3,3.85,1,1.350877193,106.9444444
2013-06-31,"WINE, PER 175 - 250 ML SERVING",3.38572,2.9,3.3,3.9,1,1.344827586,106.4655172
2013-09-31,"WINE, PER 175 - 250 ML SERVING",3.414706,2.9,3.35,3.9,1,1.344827586,106.4655172
2013-11-31,"WINE, PER 175 - 250 ML SERVING",3.423114,2.89,3.35,3.9,1.01,1.349480969,106.83391
2014-02-31,"WINE, PER 175 - 250 ML SERVING",3.386816,2.8,3.325,3.9,1.1,1.392857143,110.2678571
2014-04-31,"WINE, PER 175 - 250 ML SERVING",3.446359,2.9,3.4,3.95,1.05,1.362068966,107.8304598
2014-06-31,"WINE, PER 175 - 250 ML SERVING",3.460668,2.9,3.425,3.95,1.05,1.362068966,107.8304598
2014-09-31,"WINE, PER 175 - 250 ML SERVING",3.476197,2.9,3.4,3.95,1.05,1.362068966,107.8304598
2014-11-31,"WINE, PER 175 - 250 ML SERVING",3.511506,2.95,3.45,3.99,1.04,1.352542373,107.0762712
2015-02-31,"WINE, PER 175 - 250 ML SERVING",3.520077,2.95,3.45,4,1.05,1.355932203,107.3446328
2015-04-31,"WINE, PER 175 - 250 ML SERVING",3.538703,2.95,3.5,4,1.05,1.355932203,107.3446328
2015-06-31,"WINE, PER 175 - 250 ML SERVING",3.568477,2.95,3.5,4.05,1.1,1.372881356,108.6864407
2015-09-31,"WINE, PER 175 - 250 ML SERVING",3.5425,2.95,3.49,4.05,1.1,1.372881356,108.6864407
2015-11-31,"WINE, PER 175 - 250 ML SERVING",3.564903,2.9,3.5,4.1,1.2,1.413793103,111.9252874
2016-02-31,"WINE, PER 175 - 250 ML SERVING",3.605751,2.85,3.5,4.15,1.3,1.456140351,115.2777778
2016-04-31,"WINE, PER 175 - 250 ML SERVING",3.614103,2.85,3.5,4.19,1.34,1.470175439,116.3888889
2016-06-31,"WINE, PER 175 - 250 ML SERVING",3.648995,2.895,3.6,4.2,1.31,1.450777202,114.8531952
2016-09-31,"WINE, PER 175 - 250 ML SERVING",3.680443,2.9,3.615,4.2,1.3,1.448275862,114.6551724
2016-11-31,"WINE, PER 175 - 250 ML SERVING",3.708325,2.925,3.65,4.295,1.37,1.468376068,116.2464387
2017-02-31,"WINE, PER 175 - 250 ML SERVING",3.723342,2.95,3.65,4.3,1.35,1.457627119,115.3954802
2017-04-31,"WINE, PER 175 - 250 ML SERVING",3.772251,2.95,3.7,4.4,1.45,1.491525424,118.079096
2017-06-31,"WINE, PER 175 - 250 ML SERVING",3.826065,2.99,3.79,4.49,1.5,1.501672241,118.8823857
2017-09-31,"WINE, PER 175 - 250 ML SERVING",3.833564,2.995,3.75,4.495,1.5,1.500834725,118.8160824
2017-11-31,"WINE, PER 175 - 250 ML SERVING",3.861892,3,3.79,4.5,1.5,1.5,118.75
2018-02-31,"WINE, PER 175 - 250 ML SERVING",3.845995,2.99,3.77,4.5,1.51,1.505016722,119.1471572
2018-04-31,"WINE, PER 175 - 250 ML SERVING",3.878744,2.99,3.79,4.5,1.51,1.505016722,119.1471572
2018-06-31,"WINE, PER 175 - 250 ML SERVING",3.910275,2.99,3.79,4.5,1.51,1.505016722,119.1471572
2018-09-31,"WINE, PER 175 - 250 ML SERVING",3.939499,2.95,3.85,4.65,1.7,1.576271186,124.7881356
2018-11-31,"WINE, PER 175 - 250 ML SERVING",3.977222,2.99,3.89,4.7,1.71,1.571906355,124.4425864
2019-02-31,"WINE, PER 175 - 250 ML SERVING",4.014352,3,3.9,4.79,1.79,1.596666667,126.4027778
2019-04-31,"WINE, PER 175 - 250 ML SERVING",4.051418,3.09,3.95,4.79,1.7,1.550161812,122.7211435
2019-06-31,"WINE, PER 175 - 250 ML SERVING",4.09367,3.05,3.97,4.8,1.75,1.573770492,124.5901639
2019-09-31,"WINE, PER 175 - 250 ML SERVING",4.10505,3.1,3.99,4.875,1.78,1.572580645,124.4959677
2019-11-31,"WINE, PER 175 - 250 ML SERVING",4.142526,3.15,4,4.95,1.8,1.571428571,124.4047619
2020-02-31,"WINE, PER 175 - 250 ML SERVING",4.139013,3.1,3.99,4.95,1.85,1.596774194,126.4112903
2020-09-31,"WINE, PER 175 - 250 ML SERVING",4.136333,3.09,3.95,5,1.91,1.618122977,128.1014024
2021-06-31,"WINE, PER 175 - 250 ML SERVING",4.03,2.95,3.79,4.95,2,1.677966102,132.8389831
2021-09-31,"WINE, PER 175 - 250 ML SERVING",4.251144,3.19,4.09,5,1.81,1.567398119,124.0856844
2021-11-31,"WINE, PER 175 - 250 ML SERVING",4.04376,3,4.15,5,2,1.666666667,131.9444444
2022-02-31,"WINE, PER 175 - 250 ML SERVING",4.010997,3,4.1,5.1,2.1,1.7,134.5833333
2022-04-31,"WINE, PER 175 - 250 ML SERVING",4.226055,3.2,4.29,5.2,2,1.625,128.6458333
2022-06-31,"WINE, PER 175 - 250 ML SERVING",4.295279,3.29,4.39,5.35,2.06,1.626139818,128.7360689
2022-09-31,"WINE, PER 175 - 250 ML SERVING",4.385718,3.2,4.49,5.5,2.3,1.71875,136.0677083